x,y,z,qx,qy,qz,qw
0.30753489296643277,0.3931872242526659,0.04310000129044056,0.0,0.0,0.060262467922973455,0.9981825659466471
0.12050177541667986,0.5543455132921381,0.04310000129044056,0.0,0.0,-0.020219510574867545,0.9997955647991807
