x,y,z,qx,qy,qz,qw
0.2812890393327714,0.3198224849807718,0.04310000129044056,0.0,0.0,0.024132525380575563,0.9997087682013976
0.058441619850461084,0.3670932979281608,0.04310000129044056,0.0,0.0,0.11658645728476184,0.9931805465159839
0.5044049390871169,0.3087351469492466,0.04310000129044056,0.0,0.0,0.04477227911054682,0.9989972187264824
0.28374449634543436,0.5004387696278283,0.04310000129044056,0.0,0.0,0.0016368479983326694,0.9999986603634179
0.5067203167542235,0.5053923627771902,0.04310000129044056,0.0,0.0,0.03897863346957243,0.9992400443000894
0.23862509434195683,0.6949072226160953,0.04310000129044056,0.0,0.0,0.011938990015181328,0.9999287277188397
0.44550375183405455,0.6955918547500193,0.04310000129044056,0.0,0.0,0.005395582405298397,0.9999854437393114
