x,y,z,qx,qy,qz,qw
0.1135328142159071,0.5114862466988179,0.04310000129044056,0.0,0.0,0.009184462576569458,0.9999578219340952
0.46171827638403257,0.3555958925947744,0.04310000129044056,0.0,0.0,0.014505467246267747,0.9998947901754301
